{
  "rating": {
    "Overall": 0.5082142857142857,
    "FP": {
      "IC": {
        "true": 117,
        "false": 283,
        "Avg": 0.2925
      },
      "IR": {
        "true": 268,
        "false": 132,
        "Avg": 0.67
      },
      "Avg": 0.48125,
      "true": 385,
      "false": 415
    },
    "PP": {
      "IC": {
        "true": 223,
        "false": 177,
        "Avg": 0.5575
      },
      "IR": {
        "true": 218,
        "false": 182,
        "Avg": 0.545
      },
      "Avg": 0.55125,
      "true": 441,
      "false": 359
    },
    "SR": {
      "Os": {
        "true": 136,
        "false": 264,
        "Avg": 0.34
      },
      "OV": {
        "true": 272,
        "false": 128,
        "Avg": 0.68
      },
      "Avg": 0.51,
      "true": 408,
      "false": 392
    },
    "DG": {
      "DG": {
        "true": 189,
        "false": 211,
        "Avg": 0.4725
      },
      "Avg": 0.4725,
      "true": 189,
      "false": 211
    }
  }
}